k,rouge1_f1,rouge2_f1,rougeL_f1,rouge1_p,rouge1_r,rouge2_p,rouge2_r,rougeL_p,rougeL_r
1,0.047999239076434316,0.012547483334864966,0.04652503706752505,0.07466695693412286,0.038029338032377444,0.019474024083242523,0.01011079605009845,0.07267943210090663,0.036788066966941924
2,0.060652302908340054,0.016145146034012396,0.05814883723565555,0.06983145553562149,0.05923826267904693,0.017820515415705798,0.01659464695367115,0.06718697272889604,0.05658442628273424
3,0.06567516783606789,0.01754870828536837,0.061911965567472985,0.0636687896977349,0.07516140140429765,0.016626639292799894,0.020853013198289735,0.06024272044412447,0.07057318918445246
